person,steps
slance,10282
slance,16386
slance,12488
slance,10269
slance,7471
slance,10850
slance,15342
slance,12077
slance,20230
slance,7547
slance,8769
slance,6584
slance,10306
slance,7628
slance,8732
slance,10417
slance,9864
slance,16109
slance,11023
slance,11107
slance,10723
slance,10336
slance,12662
slance,10012
slance,5598
slance,10632
slance,10478
slance,6018
slance,6254
slance,4475
slance,2209
slance,8469
slance,6353
slance,5852
slance,7265
slance,10919
slance,18757
slance,15897
slance,16048
slance,10098
slance,11188
slance,11760
slance,6128
slance,12347
slance,6807
slance,7869
slance,9803
slance,12287
slance,7143
slance,6437
slance,5777
slance,2552
slance,13424
slance,13474
slance,10111
slance,15260
slance,12835
slance,12817
slance,12356
slance,12013
slance,15399
slance,5023
slance,12061
slance,9858
slance,10775
slance,12399
slance,6663
slance,4907
slance,8762
slance,6139
slance,7037
slance,4035
slance,5217
slance,7751
slance,8223
slance,8426
slance,14087
slance,12934
slance,11752
slance,15001
slance,10488
slance,10052
slance,14250
slance,10746
slance,8532
slance,7272
slance,5024
slance,3950
slance,8464
slance,8720
slance,10258
slance,10606
slance,10274
slance,10234
slance,7607
slance,7501
slance,8677
slance,7691
slance,7210
slance,14836
slance,7347
slance,6062
slance,6463
slance,6886
slance,8066
slance,15545
slance,18167
slance,9644
slance,2981
slance,2768
slance,13207
slance,15528
slance,11149
slance,12573
slance,12460
slance,12360
slance,16041
slance,11152
slance,14507
slance,14773
slance,11103
slance,1139
slance,5733
slance,2041
slance,11837
slance,4612
slance,13155
slance,10914
slance,12439
slance,10954
slance,4689
slance,8357
slance,11086
slance,15309
slance,4390
slance,7285
slance,9369
slance,4234
slance,10855
slance,2390
slance,6256
slance,9615
slance,10177
slance,6264
slance,3194
slance,4228
slance,10927
slance,7945
slance,13171
slance,7331
slance,7649
slance,3663
slance,6000
slance,5773
slance,12868
slance,12372
slance,5215
slance,6162
slance,5779
slance,6638
slance,8010
slance,22248
slance,13580
slance,11617
slance,12406
slance,13214
slance,10247
slance,13629
slance,9613
slance,10014
slance,8005
slance,14117
slance,9246
slance,6012
slance,8589
slance,11884
slance,13610
slance,6146
slance,13596
slance,3138
slance,8114
slance,3063
slance,8883
slance,5533
slance,11171
slance,15012
slance,12005
slance,8263
slance,12682
slance,7452
slance,10320
slance,12211
slance,8018
slance,15485
slance,5130
slance,8618
slance,4629
slance,2994
slance,5599
slance,13568
slance,6808
slance,8182
slance,8750
slance,8795
slance,4029
slance,1450
slance,11785
slance,8098
slance,10019
slance,12036
slance,3019
slance,12123
slance,14060
slance,22428
slance,21185
slance,20166
slance,15077
slance,15114
slance,15097
slance,15146
slance,11518
slance,11673
slance,12033
slance,12008
slance,12007
slance,16010
slance,17206
slance,16436
slance,17034
slance,16052
slance,12197
slance,10047
slance,10097
slance,11517
slance,10007
slance,5862
slance,7058
slance,4429
slance,4631
slance,3348
slance,8467
slance,6387
slance,7528
slance,6415
slance,9274
slance,10479
slance,10308
slance,24212
slance,12832
slance,22564
slance,16054
slance,10199
slance,3540
slance,2977
slance,6176
slance,8030
slance,4736
slance,4765
slance,3396
slance,17140
slance,17516
slance,15433
slance,17792
slance,16011
slance,15048
slance,16230
slance,14792
slance,20438
slance,12017
slance,6118
slance,9254
slance,10165
slance,6022
slance,12029
slance,8154
slance,8658
slance,8395
slance,10279
slance,6576
slance,3813
slance,4098
slance,9041
slance,7340
slance,6041
slance,9734
slance,8068
slance,8482
slance,8697
slance,6063
slance,12001
slance,7109
slance,8171
slance,5372
slance,5131
slance,8109
slance,8104
slance,5239
slance,11014
slance,5311
slance,10212
slance,8023
slance,7371
slance,10620
slance,14069
slance,19149
slance,14316
slance,12700
slance,18081
slance,14141
slance,12319
slance,2804
slance,5640
slance,5752
slance,4460
slance,7010
slance,5384
slance,4357
slance,13628
slance,12756
slance,15141
slance,11562
slance,8157
slance,8068
slance,9144
slance,13496
slance,11504
slance,8029
slance,9098
slance,8033
slance,4840
slance,8686
slance,2509
slance,12211
slance,25605
slance,10777
slance,10754
slance,9241
slance,12056
slance,10482
slance,11297
slance,10001
slance,8863
slance,6373
slance,12239
slance,3493
slance,4403
slance,7083
slance,9452
slance,7528
slance,9441
slance,6150
slance,5629
slance,5160
slance,5975
slance,6976
slance,5638
slance,8079
slance,9661
slance,6558
slance,6597
slance,8028
slance,6353
slance,5200
slance,5755
slance,8357
slance,7173
slance,4871
slance,5793
slance,4995
slance,7501
slance,10789
slance,10457
slance,3458
slance,8315
slance,6077
slance,4867
slance,4098
slance,8279
slance,6092
slance,6070
slance,2193
slance,5004
slance,5315
slance,5605
slance,8028
slance,5269
slance,4102
slance,6534
slance,7159
slance,11448
slance,4485
slance,5064
slance,8016
slance,6790
slance,4777
slance,4525
slance,5400
slance,5943
slance,7266
slance,8159
slance,6033
slance,5310
slance,2977
slance,7147
slance,3877
slance,6389
slance,9581
slance,21317
slance,20345
slance,18008
slance,15629
slance,16387
slance,17074
slance,8078
slance,4946
slance,6130
slance,4060
slance,3763
slance,7022
slance,6690
slance,9513
slance,5763
slance,12542
slance,5854
slance,15851
slance,3991
slance,5183
slance,28178
slance,12238
slance,1896
slance,9842
slance,5764
slance,10957
slance,16113
slance,6644
slance,13084
slance,7112
slance,7413
slance,4104
slance,10546
slance,10012
slance,3689
slance,10435
slance,5772
slance,3073
slance,1389
slance,7087
slance,14303
slance,13829
slance,7042
slance,4424
slance,3984
slance,1606
slance,5321
slance,4386
slance,2086
slance,5519
slance,7640
slance,9622
slance,11667
slance,9054
slance,11782
slance,5854
slance,8159
slance,14610
slance,6620
slance,8067
slance,8583
slance,8237
slance,5186
slance,5793
slance,3859
slance,1299
slance,5684
slance,6416
slance,2200
slance,2753
slance,12776
slance,3078
slance,12497
slance,9154
slance,4006
slance,9086
slance,6808
slance,5058
slance,10846
slance,9743
slance,5202
slance,2361
slance,6499
slance,4813
slance,9325
slance,3104
slance,5042
slance,8407
slance,12150
slance,5525
slance,5127
slance,8240
slance,6736
slance,6131
slance,8405
slance,5813
slance,6300
slance,5795
slance,12422
slance,14303
slance,26750
slance,22903
slance,22021
slance,12286
slance,7708
slance,11410
slance,6409
slance,11068
slance,7158
slance,8021
slance,6479
slance,5468
slance,7156
slance,5979
slance,3047
slance,8694
slance,2918
slance,8703
slance,7472
slance,7862
slance,6978
slance,7972
slance,6170
slance,2460
slance,7123
slance,8176
slance,4531
slance,6236
slance,4273
slance,5500
slance,8790
slance,5782
slance,2949
slance,2223
slance,7348
slance,5784
slance,1331
slance,5654
slance,4141
slance,7637
slance,5146
slance,3945
slance,4148
slance,2225
slance,15674
slance,5588
slance,5691
slance,12475
slance,8197
slance,3226
slance,9584
slance,8121
slance,13481
slance,15322
slance,6990
slance,14049
slance,12089
slance,13356
slance,10837
slance,10819
slance,14359
slance,12491
slance,1738
slance,14449
slance,11722
slance,15132
slance,14136
slance,4419
slance,9489
slance,5717
slance,10361
slance,11675
slance,2418
slance,6033
slance,7253
slance,4841
slance,10610
slance,4604
slance,14085
slance,8226
slance,1629
slance,3771
slance,12783
slance,14034
slance,8156
slance,5498
slance,2923
slance,17197
slance,4707
slance,9838
slance,2542
slance,10058
slance,5662
slance,9195
slance,11612
slance,7865
slance,5691
slance,7239
slance,12913
slance,5748
slance,15758
slance,8774
slance,7856
slance,11780
slance,10540
slance,7322
slance,8932
slance,4745
slance,8524
slance,12105
slance,5191
slance,14250
slance,8581
slance,5699
slance,8452
slance,2017
slance,5897
slance,5764
slance,13163
slance,10278
slance,15289
slance,11717
slance,15136
slance,13059
slance,12214
slance,11031
slance,13004
slance,13170
slance,13017
slance,3059
slance,4032
slance,7001
slance,8820
slance,7144
slance,1555
slance,7853
slance,15209
slance,5684
slance,10006
slance,3051
slance,12953
slance,6589
slance,4526
slance,5906
slance,10617
slance,7632
slance,6210
slance,13593
slance,6282
slance,6184
slance,5710
slance,10748
slance,5818
slance,9534
slance,11925
slance,15632
slance,14382
slance,16044
slance,27169
slance,26410
slance,20007
slance,12537
slance,9161
slance,8825
slance,8111
slance,10139
slance,5780
slance,3643
slance,12696
slance,6081
slance,10482
slance,6111
slance,8261
slance,8304
slance,5430
slance,10073
slance,7654
slance,5298
slance,14782
slance,5176
slance,6558
slance,3197
slance,11738
slance,8698
slance,7715
slance,3338
slance,5837
slance,18587
slance,6979
slance,18176
slance,23441
slance,24436
slance,21490
slance,7862
slance,10040
slance,10110
slance,12693
slance,3236
slance,6795
slance,6304
slance,13487
slance,4207
slance,5193
slance,8648
slance,7712
slance,6031
slance,13002
slance,5286
slance,6868
slance,4307
slance,8852
slance,5870
slance,7554
slance,9352
slance,7413
slance,17374
slance,6002
slance,3700
slance,4249
slance,11209
slance,8114
slance,9793
slance,5198
slance,4999
slance,11457
slance,11491
slance,3959
slance,5066
slance,14804
slance,20958
slance,13969
slance,15719
slance,8847
slance,3627
slance,6606
slance,9255
slance,7024
slance,3979
slance,10469
slance,4818
slance,6732
slance,11285
slance,7324
slance,7493
slance,5680
slance,16624
slance,5795
slance,4307
slance,12353
slance,4360
slance,7032
slance,6915
slance,10690
slance,12009
slance,6033
slance,9966
slance,6055
slance,11206
slance,5794
slance,13516
slance,10347
slance,8448
slance,10061
slance,10724
slance,15643
slance,15739
slance,10937
slance,6810
slance,10493
slance,4096
slance,7104
slance,5456
slance,4112
slance,15388
slance,6113
slance,9301
slance,8551
slance,2934
slance,1837
slance,3895
slance,9778
slance,5479
slance,5909
slance,4637
slance,2853
slance,5588
slance,9426
slance,4859
slance,8335
slance,4659
slance,10174
slance,5743
slance,8431
slance,8305
slance,13020
slance,7651
slance,2941
slance,8642
slance,7760
slance,7546
slance,5754
slance,9397
slance,3298
slance,2925
slance,3841
slance,3654
slance,6808
slance,7360
slance,10711
slance,3779
slance,10620
slance,4917
slance,10997
slance,6727
slance,6030
slance,6420
slance,5634
slance,8906
slance,8102
slance,19266
slance,17168
slance,3262
slance,9770
slance,6938
slance,14105
slance,6750
slance,5409
slance,6525
slance,6071
slance,6487
slance,6849
slance,5891
slance,3471
slance,13794
slance,11164
slance,4129
slance,8098
slance,9482
slance,9407
slance,3939
slance,4248
slance,8004
slance,5363
slance,10422
slance,8530
slance,6177
slance,2978
slance,6645
slance,6937
slance,2221
slance,8843
slance,5243
slance,7092
slance,10154
slance,5958
slance,3712
slance,5497
slance,7867
slance,8034
slance,8264
slance,7852
slance,5764
slance,9119
slance,16447
slance,4973
slance,9669
slance,10192
slance,8779
slance,9304
slance,16914
slance,15933
slance,16214
slance,3632
slance,6712
slance,3799
slance,8166
slance,2425
slance,17124
slance,11222
slance,6664
slance,1396
slance,3397
slance,4568
slance,7948
slance,4611
slance,15137
slance,14776
slance,6424
slance,5867
slance,4594
slance,4581
slance,1448
slance,15092
slance,3481
slance,2044
slance,2280
slance,12170
slance,3467
slance,4421
slance,15960
slance,8392
slance,11681
slance,8896
slance,1388
slance,4284
slance,3758
slance,11896
slance,2568
slance,19381
slance,6023
slance,14391
slance,2314
slance,10845
slance,9293
slance,14616
slance,8240
slance,5250
slance,11176
slance,8193
slance,7668
slance,3854
slance,10726
slance,8703
slance,8117
slance,4856
slance,6799
slance,8098
slance,9694
slance,6212
slance,12904
slance,5559
slance,12130
slance,12821
slance,2838
slance,12452
slance,1815
slance,12164
slance,8733
slance,3447
slance,11290
slance,10949
slance,10091
slance,5908
slance,6679
slance,6896
slance,10626
slance,736
slance,12364
slance,18516
slance,10843
slance,7235
slance,7692
slance,12453
slance,11070
slance,17206
slance,12565
slance,6106
slance,8625
slance,11568
slance,8722
slance,4817
slance,7562
slance,10154
slance,5003
slance,1475
slance,1318
slance,7861
slance,3349
slance,3912
slance,10705
slance,4833
slance,15684
slance,25773
slance,13593
slance,11038
slance,1750
slance,9263
slance,11313
slance,9217
slance,11947
slance,6005
slance,10438
slance,11571
slance,13931
slance,10802
slance,12266
slance,11626
slance,12991
slance,9200
slance,4543
slance,14662
slance,25132
slance,11678
slance,11554
slance,2465
slance,8772
slance,10009
slance,41332
slance,10850
slance,9248
slance,9240
slance,12598
slance,11959
slance,11247
slance,12959
slance,8853
slance,2864
slance,1430
slance,13264
slance,10883
slance,8821
slance,8873
slance,8857
slance,13210
slance,2422
slance,11158
slance,1664
slance,9610
slance,2609
slance,8610
slance,11295
slance,8294
slance,10200
slance,4914
slance,11564
slance,1369
slance,4094
slance,8306
slance,5403
slance,2208
slance,10874
slance,8171
slance,16311
slance,1874
slance,8491
slance,1782
slance,8541
slance,3070
slance,10632
slance,8500
slance,4650
slance,11311
slance,4792
slance,11037
slance,3540
slance,11246
slance,8144
slance,8478
slance,5226
slance,8379
slance,7419
slance,7934
slance,12003
slance,7520
slance,1605
slance,8630
slance,9109
slance,7673
slance,10118
slance,1852
slance,9972
slance,6537
slance,1267
slance,7888
slance,6185
slance,5136
slance,8261
nathan,12180
nathan,16181
nathan,14856
nathan,1176
nathan,6567
nathan,21528
nathan,2761
nathan,12160
nathan,16948
nathan,3004
nathan,4193
nathan,6430
nathan,13530
nathan,5181
nathan,5801
nathan,6431
nathan,42525
nathan,20789
nathan,21932
nathan,23021
nathan,21516
nathan,27575
nathan,3468
nathan,17526
nathan,6297
nathan,912
nathan,4282
nathan,13866
nathan,836
nathan,4138
nathan,1864
nathan,3666
nathan,3368
nathan,11403
nathan,1159
nathan,11733
nathan,20061
nathan,17560
nathan,1904
nathan,10085
nathan,3153
nathan,13085
nathan,7002
nathan,11663
nathan,893
nathan,6158
nathan,17827
nathan,19064
nathan,5734
nathan,2967
nathan,11975
nathan,21507
nathan,31909
nathan,25431
nathan,16826
nathan,30640
nathan,21693
nathan,22909
nathan,25297
nathan,16294
nathan,20182
nathan,22032
nathan,15235
nathan,34462
nathan,26275
nathan,25761
nathan,21829
nathan,13254
nathan,13993
nathan,2166
nathan,7832
nathan,8388
nathan,6809
nathan,10444
nathan,8689
nathan,2727
nathan,19833
nathan,15780
nathan,3108
nathan,15034
nathan,5243
nathan,6598
nathan,7539
nathan,14007
nathan,4971
nathan,1818
nathan,3381
nathan,18588
nathan,12816
nathan,21219
nathan,7751
nathan,4281
nathan,17471
nathan,7976
nathan,15810
nathan,21515
nathan,23677
nathan,21064
nathan,23452
nathan,19394
nathan,17388
nathan,10855
nathan,6099
nathan,9024
nathan,16854
nathan,11638
nathan,6810
nathan,10742
nathan,5935
nathan,4125
nathan,10599
nathan,19050
nathan,9422
nathan,9097
nathan,6650
nathan,6581
nathan,14561
nathan,13004
nathan,18621
nathan,10102
nathan,12002
nathan,12769
nathan,9011
nathan,14200
nathan,7516
nathan,17691
nathan,7470
nathan,10686
nathan,13467
nathan,695
nathan,9955
nathan,12461
nathan,11248
nathan,18600
nathan,7265
nathan,14740
nathan,6986
nathan,9919
nathan,9895
nathan,14957
nathan,11198
nathan,5929
nathan,12468
nathan,733
nathan,971
nathan,14255
nathan,13939
nathan,11104
nathan,10180
nathan,7741
nathan,3386
nathan,9518
nathan,8831
nathan,15233
nathan,5686
nathan,9726
nathan,7131
nathan,8411
nathan,10516
nathan,20315
nathan,10880
nathan,6138
nathan,9150
nathan,9155
nathan,4806
nathan,2794
nathan,12508
nathan,13146
nathan,15677
nathan,6566
nathan,5931
nathan,8792
nathan,9688
nathan,21735
nathan,16719
nathan,13465
nathan,11282
nathan,11994
nathan,18746
nathan,1313
nathan,10820
nathan,11077
nathan,7685
nathan,4126
nathan,10452
nathan,1740
nathan,1535
nathan,8236
nathan,5570
nathan,9397
nathan,11364
nathan,7942
nathan,5635
nathan,14163
nathan,6280
nathan,9534
nathan,3821
nathan,20532
nathan,6880
nathan,17247
nathan,22819
nathan,11531
nathan,13242
nathan,22640
nathan,16555
nathan,9808
nathan,7693
nathan,17905
nathan,15653
nathan,7403
nathan,8341
nathan,3435
nathan,5537
nathan,1740
nathan,5132
nathan,16373
nathan,10242
nathan,11337
nathan,5453
nathan,16231
nathan,14883
nathan,10490
nathan,12175
nathan,13559
nathan,12274
nathan,13777
nathan,13087
nathan,15014
nathan,17558
nathan,16667
nathan,10137
nathan,10366
nathan,6054
nathan,10191
nathan,15275
nathan,9172
nathan,6712
nathan,7327
nathan,5984
nathan,8216
nathan,7213
nathan,3147
nathan,694
nathan,7546
nathan,15603
nathan,11447
nathan,7140
nathan,7141
nathan,5373
nathan,11329
nathan,7415
nathan,8209
nathan,11293
nathan,6270
nathan,10419
nathan,8926
nathan,14168
nathan,14304
nathan,10594
nathan,7416
nathan,7341
nathan,20436
nathan,14209
nathan,9817
nathan,9524
nathan,11405
nathan,5237
nathan,7709
nathan,5648
nathan,7470
nathan,6641
nathan,3787
nathan,3137
nathan,11348
nathan,10805
nathan,10796
nathan,4377
nathan,14694
nathan,4879
nathan,8397
nathan,100
nathan,1558
nathan,10044
nathan,3296
nathan,7933
nathan,3712
nathan,958
nathan,2208
nathan,11416
nathan,7425
nathan,7574
nathan,3262
nathan,10224
nathan,7271
nathan,4238
nathan,7108
nathan,10076
nathan,11320
nathan,21318
nathan,10961
nathan,11704
nathan,11686
nathan,12135
nathan,10401
nathan,11404
nathan,22282
nathan,10959
nathan,11614
nathan,11562
nathan,11021
nathan,11251
nathan,9867
nathan,6574
nathan,5577
nathan,12069
nathan,6386
nathan,8592
nathan,5539
nathan,17539
nathan,6441
nathan,12916
nathan,9345
nathan,5568
nathan,7140
nathan,7637
nathan,14075
nathan,8140
nathan,12887
nathan,13433
nathan,12183
nathan,6827
nathan,11558
nathan,1766
nathan,13563
nathan,12554
nathan,4440
nathan,9432
nathan,12820
nathan,6649
nathan,5756
nathan,12317
nathan,16427
nathan,20114
nathan,17462
nathan,8707
nathan,1619
nathan,8757
nathan,11865
nathan,3269
nathan,29344
nathan,6422
nathan,2145
nathan,9190
nathan,7200
nathan,6360
nathan,17357
nathan,4028
nathan,1280
nathan,12316
nathan,2736
nathan,7034
nathan,6002
nathan,12957
nathan,4884
nathan,9568
nathan,7779
nathan,2959
nathan,10171
nathan,11535
nathan,3204
nathan,4046
nathan,18416
nathan,9021
nathan,4107
nathan,8548
nathan,9485
nathan,7615
nathan,13871
nathan,3435
nathan,8519
nathan,9505
nathan,9527
nathan,13819
nathan,10673
nathan,10598
nathan,9979
nathan,10842
nathan,4034
nathan,4907
nathan,18882
nathan,4381
nathan,12209
nathan,8705
nathan,7508
nathan,5768
nathan,8726
nathan,1016
nathan,9518
nathan,10084
nathan,10830
nathan,6481
nathan,7495
nathan,3608
nathan,10614
nathan,5302
nathan,7669
nathan,5512
nathan,15489
nathan,7922
nathan,19542
nathan,14036
nathan,6145
nathan,12905
nathan,10832
nathan,5431
nathan,11915
nathan,17571
nathan,4261
nathan,11144
nathan,8252
nathan,5292
nathan,13247
nathan,8146
nathan,12165
nathan,24718
nathan,10062
nathan,5143
nathan,32859
nathan,2519
nathan,2217
nathan,8042
nathan,1507
nathan,12563
nathan,12864
nathan,606
nathan,7581
nathan,4820
nathan,10542
nathan,8395
nathan,4184
nathan,9572
nathan,4460
nathan,8291
nathan,21802
nathan,10824
nathan,12491
nathan,8635
nathan,16239
nathan,16490
nathan,15020
nathan,8367
nathan,8496
nathan,4058
nathan,7561
nathan,7541
nathan,16454
nathan,16941
nathan,22024
nathan,27836
nathan,22778
nathan,22218
nathan,34816
nathan,27187
nathan,29370
nathan,16631
nathan,19724
nathan,4626
nathan,13734
nathan,3048
nathan,7325
nathan,3702
nathan,3919
nathan,38556
nathan,6897
nathan,7881
nathan,4135
nathan,8272
nathan,5031
nathan,3552
nathan,779
nathan,6524
nathan,7927
nathan,4763
nathan,3797
nathan,3121
nathan,6664
nathan,520
nathan,1213
nathan,6203
nathan,9839
nathan,11335
nathan,12115
nathan,5076
nathan,8985
nathan,1761
nathan,7446
nathan,3031
nathan,3806
nathan,10287
nathan,11614
nathan,29778
nathan,642
nathan,7187
nathan,6468
nathan,5021
nathan,3378
nathan,5125
nathan,821
nathan,2558
nathan,15501
nathan,19205
nathan,21447
nathan,3714
nathan,13725
nathan,16781
nathan,790
nathan,11201
nathan,3967
nathan,5028
nathan,1917
nathan,5166
nathan,21973
nathan,848
nathan,4437
nathan,4522
nathan,7520
nathan,3787
nathan,6723
nathan,36255
nathan,5114
nathan,19162
nathan,3295
nathan,5527
nathan,6746
nathan,464
nathan,2589
nathan,2824
nathan,3874
nathan,3850
nathan,10004
nathan,2967
nathan,5072
nathan,5339
nathan,0
nathan,1245
nathan,3009
nathan,2717
nathan,6243
nathan,5100
nathan,2716
nathan,15704
nathan,17597
nathan,7603
nathan,1714
nathan,10365
nathan,1500
nathan,3944
nathan,1580
nathan,1262
nathan,10983
nathan,18454
nathan,3438
nathan,2849
nathan,16591
nathan,6370
nathan,5371
nathan,14460
nathan,13003
nathan,17872
nathan,11779
nathan,16431
nathan,13694
nathan,10789
nathan,11640
nathan,1166
nathan,3879
nathan,7539
nathan,17830
nathan,728
nathan,8497
nathan,4895
nathan,6591
nathan,5908
nathan,10633
nathan,18125
nathan,668
nathan,8526
nathan,3254
nathan,7026
nathan,18203
nathan,13997
nathan,51299
nathan,3706
nathan,8756
nathan,5889
nathan,3556
nathan,5307
nathan,3355
nathan,3128
nathan,3114
nathan,10187
nathan,3221
nathan,4115
nathan,3924
nathan,3505
nathan,15796
nathan,1383
nathan,7267
nathan,4780
nathan,3745
nathan,4095
nathan,3111
nathan,14616
nathan,950
nathan,9967
nathan,15311
nathan,4477
nathan,3084
nathan,9951
nathan,31932
nathan,3202
nathan,5328
nathan,4517
nathan,3751
nathan,3757
nathan,958
nathan,25403
nathan,2166
nathan,5940
nathan,5630
nathan,6470
nathan,4453
nathan,9433
nathan,14623
nathan,1272
nathan,3670
nathan,12520
nathan,12218
nathan,9355
nathan,6869
nathan,14509
nathan,3552
nathan,3110
nathan,6353
nathan,3010
nathan,3469
nathan,5501
nathan,12013
nathan,2840
nathan,9331
nathan,6707
nathan,5476
nathan,1205
nathan,5222
nathan,982
nathan,641
nathan,15248
nathan,7037
nathan,4641
nathan,5292
nathan,8841
nathan,9425
nathan,2381
nathan,2122
nathan,968
nathan,1877
nathan,1599
nathan,1488
nathan,16692
nathan,8525
nathan,1106
nathan,1615
nathan,2636
nathan,2398
nathan,5026
nathan,14950
nathan,10858
nathan,14428
nathan,1290
nathan,8288
nathan,6621
nathan,11607
nathan,4611
nathan,6561
nathan,7615
nathan,11128
nathan,4318
nathan,4273
nathan,6750
nathan,4467
nathan,9575
nathan,6317
nathan,4213
nathan,4920
nathan,3979
nathan,8714
nathan,5191
nathan,4964
nathan,9633
nathan,8858
nathan,3421
nathan,12982
nathan,7436
nathan,8957
nathan,16845
nathan,6086
nathan,3207
nathan,5954
nathan,8838
nathan,9091
nathan,5424
nathan,866
nathan,6315
nathan,1240
nathan,17888
nathan,13316
nathan,7774
nathan,9930
nathan,7646
nathan,10531
nathan,10140
nathan,10516
nathan,19992
nathan,8856
nathan,10232
nathan,12774
nathan,31073
nathan,11647
nathan,15117
nathan,12325
nathan,6331
nathan,15460
nathan,11745
nathan,2435
nathan,2770
nathan,4313
nathan,8926
nathan,573
nathan,8733
nathan,13219
nathan,9182
nathan,2027
nathan,6420
nathan,3244
nathan,740
nathan,3214
nathan,4593
nathan,12757
nathan,12166
nathan,10611
nathan,2312
nathan,4200
nathan,12790
nathan,10330
nathan,5889
nathan,10623
nathan,6887
nathan,6412
nathan,6385
nathan,14024
nathan,13560
nathan,10499
nathan,23516
nathan,10274
nathan,21962
nathan,16292
nathan,17887
nathan,13111
nathan,10118
nathan,11313
nathan,10293
nathan,14166
nathan,17411
nathan,13048
nathan,11508
nathan,13724
nathan,10009
nathan,10042
nathan,13509
nathan,10600
nathan,14527
nathan,10255
nathan,13399
nathan,10470
nathan,4946
nathan,18439
nathan,2515
nathan,12934
nathan,9602
nathan,7780
nathan,2687
nathan,6844
nathan,5330
nathan,17509
nathan,8442
nathan,3141
nathan,7540
nathan,3946
nathan,6553
nathan,31595
nathan,9095
nathan,16195
nathan,11450
nathan,10157
nathan,11296
nathan,12506
nathan,7069
nathan,12233
nathan,22547
nathan,19810
nathan,9650
nathan,11171
nathan,8610
nathan,5751
nathan,13316
nathan,7452
nathan,4916
nathan,1905
nathan,6865
nathan,12862
nathan,8943
nathan,4798
nathan,10396
nathan,4316
nathan,5478
nathan,7799
nathan,13866
nathan,11884
nathan,18007
nathan,7749
nathan,1973
nathan,7959
nathan,5274
nathan,6094
nathan,7881
nathan,12025
nathan,5474
nathan,5021
nathan,7835
nathan,5253
nathan,13087
nathan,7033
nathan,6499
nathan,7761
nathan,2686
nathan,13395
nathan,10618
nathan,5694
nathan,8038
nathan,19006
nathan,25479
nathan,7014
nathan,11965
nathan,11401
nathan,13541
nathan,11239
nathan,11016
nathan,15063
nathan,4961
nathan,2424
nathan,15071
nathan,18551
nathan,13252
nathan,17358
nathan,13492
nathan,10907
nathan,1131
nathan,2524
nathan,1667
nathan,5658
nathan,19427
nathan,15486
nathan,1195
nathan,16645
nathan,13583
nathan,6961
nathan,15746
nathan,9460
nathan,18863
nathan,4634
nathan,19392
nathan,5776
nathan,11131
nathan,7496
nathan,12446
nathan,12083
nathan,18996
nathan,5274
nathan,5814
nathan,10431
nathan,6247
nathan,26751
nathan,25011
nathan,10005
nathan,11022
nathan,14614
nathan,5182
nathan,5449
nathan,13732
nathan,18555
nathan,3059
nathan,21039
nathan,7619
nathan,6088
nathan,15018
nathan,16544
nathan,20166
nathan,10002
nathan,17966
nathan,8086
nathan,16148
nathan,17477
nathan,13545
nathan,18637
nathan,10769
nathan,30380
nathan,6628
nathan,12614
nathan,4364
nathan,16317
nathan,31172
nathan,1404
nathan,15010
nathan,7682
nathan,14897
nathan,2285
nathan,12259
nathan,11845
nathan,1730
nathan,17847
nathan,12282
nathan,12366
nathan,10400
nathan,10808
nathan,15816
nathan,1510
nathan,4784
nathan,11489
nathan,17017
nathan,5117
nathan,10508
nathan,14541
nathan,24177
nathan,10016
nathan,5338
nathan,12712
nathan,14437
nathan,13449
nathan,22172
nathan,4632
nathan,18433
nathan,12724
nathan,20015
nathan,10017
nathan,18770
nathan,16430
nathan,10953
nathan,16883
nathan,8801
nathan,20005
nathan,13956
nathan,10227
nathan,31900
nathan,1969
nathan,11608
nathan,8508
nathan,15528
nathan,16097
nathan,18704
nathan,13473
nathan,18499
nathan,20025
nathan,8667
nathan,17420
nathan,8569
nathan,21624
nathan,21288
nathan,5578
nathan,18277
nathan,5941
nathan,6119
nathan,15299
nathan,6630
nathan,20454
nathan,35934
nathan,20619
nathan,11292
nathan,18921
nathan,8463
nathan,10580
nathan,2540
nathan,14115
nathan,5900
nathan,7443
nathan,17108
nathan,11084
nathan,18385
nathan,16522
nathan,26783
nathan,18251
nathan,6333
nathan,14249
nathan,7501
nathan,19999
nathan,47223
nathan,12831
nathan,12199
nathan,13608
nathan,19139
nathan,10638
nathan,21294
nathan,15155
nathan,13704
nathan,4986
nathan,4530
nathan,18701
nathan,18956
nathan,8839
nathan,28381
nathan,4255
nathan,11114
nathan,10434
nathan,11495
nathan,19538
nathan,7427
nathan,17031
nathan,2223
nathan,13009
nathan,14811
nathan,12828
nathan,18135
nathan,7613
nathan,27165
nathan,1573
nathan,15681
nathan,10973
nathan,10823
nathan,15629
nathan,13712
nathan,25025
nathan,3791
nathan,2567
nathan,11973
nathan,6188
nathan,3347
nathan,21990
nathan,2555
nathan,11555
nathan,7045
nathan,11010
nathan,7724
nathan,10280
nathan,24075
nathan,8764
nathan,10953
nathan,17898
nathan,15122
nathan,17425
nathan,10001
nathan,20317
nathan,5595
nathan,14903
nathan,23952
nathan,16339
nathan,4895
nathan,10280
nathan,7049
nathan,1865
nathan,13003
nathan,18666
nathan,10084
nathan,28221
nathan,15011
nathan,12437
